,danceability,energy,key,loudness,mode,speechiness,acousticness,instrumentalness,liveness,valence,tempo,type,id,uri,track_href,analysis_url,duration_ms,time_signature
0,0.826,0.49,9,-10.477,1,0.0676,0.00916,4.41e-06,0.0415,0.627,74.128,audio_features,7yFvSYKk3g5g8e7Ffl16ws,spotify:track:7yFvSYKk3g5g8e7Ffl16ws,https://api.spotify.com/v1/tracks/7yFvSYKk3g5g8e7Ffl16ws,https://api.spotify.com/v1/audio-analysis/7yFvSYKk3g5g8e7Ffl16ws,180267,4
1,0.811,0.428,7,-10.728,1,0.221,0.0122,0.317,0.344,0.653,80.962,audio_features,0INtJm8gCJKtNaAYQNVlpZ,spotify:track:0INtJm8gCJKtNaAYQNVlpZ,https://api.spotify.com/v1/tracks/0INtJm8gCJKtNaAYQNVlpZ,https://api.spotify.com/v1/audio-analysis/0INtJm8gCJKtNaAYQNVlpZ,277893,4
2,0.752,0.682,2,-7.425,1,0.178,0.244,0.00173,0.0842,0.778,77.966,audio_features,5kHSFEtrXMjXnqSrgdg4bx,spotify:track:5kHSFEtrXMjXnqSrgdg4bx,https://api.spotify.com/v1/tracks/5kHSFEtrXMjXnqSrgdg4bx,https://api.spotify.com/v1/audio-analysis/5kHSFEtrXMjXnqSrgdg4bx,219867,4
3,0.749,0.849,4,-5.761,0,0.0544,0.0299,0.000168,0.115,0.959,145.169,audio_features,5uPYEStMW3KsXnnLV7iCTw,spotify:track:5uPYEStMW3KsXnnLV7iCTw,https://api.spotify.com/v1/tracks/5uPYEStMW3KsXnnLV7iCTw,https://api.spotify.com/v1/audio-analysis/5uPYEStMW3KsXnnLV7iCTw,244253,4
4,0.886,0.522,7,-7.971,1,0.173,0.0477,0.00108,0.207,0.79,82.439,audio_features,34zWZOSpU2V1ab0PiZCcv4,spotify:track:34zWZOSpU2V1ab0PiZCcv4,https://api.spotify.com/v1/tracks/34zWZOSpU2V1ab0PiZCcv4,https://api.spotify.com/v1/audio-analysis/34zWZOSpU2V1ab0PiZCcv4,229160,4
5,0.758,0.786,4,-4.897,0,0.108,0.156,0.0,0.0658,0.786,83.495,audio_features,5Wwr2S7QZTR5PVJn6jhgdk,spotify:track:5Wwr2S7QZTR5PVJn6jhgdk,https://api.spotify.com/v1/tracks/5Wwr2S7QZTR5PVJn6jhgdk,https://api.spotify.com/v1/audio-analysis/5Wwr2S7QZTR5PVJn6jhgdk,234587,4
6,0.683,0.653,9,-7.586,0,0.113,0.0326,8.42e-06,0.0578,0.501,143.224,audio_features,0mD19MC6H0OzHvEUADHypU,spotify:track:0mD19MC6H0OzHvEUADHypU,https://api.spotify.com/v1/tracks/0mD19MC6H0OzHvEUADHypU,https://api.spotify.com/v1/audio-analysis/0mD19MC6H0OzHvEUADHypU,219160,4
7,0.586,0.663,4,-6.547,0,0.0825,0.161,0.0,0.198,0.693,170.743,audio_features,4abVwdCy5QUcyI3KS2lMJK,spotify:track:4abVwdCy5QUcyI3KS2lMJK,https://api.spotify.com/v1/tracks/4abVwdCy5QUcyI3KS2lMJK,https://api.spotify.com/v1/audio-analysis/4abVwdCy5QUcyI3KS2lMJK,217200,4
8,0.766,0.525,6,-10.356,0,0.099,0.00839,0.0,0.055,0.864,122.452,audio_features,4mPd1gJhgcYFRSJyoYAxE8,spotify:track:4mPd1gJhgcYFRSJyoYAxE8,https://api.spotify.com/v1/tracks/4mPd1gJhgcYFRSJyoYAxE8,https://api.spotify.com/v1/audio-analysis/4mPd1gJhgcYFRSJyoYAxE8,231547,4
9,0.66,0.486,5,-11.969,1,0.189,0.186,0.00097,0.207,0.936,121.863,audio_features,5ktLiFRny1waEnVkZNUa03,spotify:track:5ktLiFRny1waEnVkZNUa03,https://api.spotify.com/v1/tracks/5ktLiFRny1waEnVkZNUa03,https://api.spotify.com/v1/audio-analysis/5ktLiFRny1waEnVkZNUa03,202160,4
10,0.707,0.525,7,-7.356,1,0.302,0.017,0.000162,0.0771,0.476,200.753,audio_features,1G88BbuMts7HC0nHGoHmhv,spotify:track:1G88BbuMts7HC0nHGoHmhv,https://api.spotify.com/v1/tracks/1G88BbuMts7HC0nHGoHmhv,https://api.spotify.com/v1/audio-analysis/1G88BbuMts7HC0nHGoHmhv,247467,4
11,0.771,0.439,0,-5.835,0,0.1,0.974,0.000452,0.13,0.892,157.436,audio_features,5zKlKlmfKl5xnALE2ZskEB,spotify:track:5zKlKlmfKl5xnALE2ZskEB,https://api.spotify.com/v1/tracks/5zKlKlmfKl5xnALE2ZskEB,https://api.spotify.com/v1/audio-analysis/5zKlKlmfKl5xnALE2ZskEB,110088,4
12,0.881,0.553,1,-7.376,1,0.0487,0.075,0.0,0.0639,0.835,99.022,audio_features,0sgx4UjoIrLB8rFURf3tIr,spotify:track:0sgx4UjoIrLB8rFURf3tIr,https://api.spotify.com/v1/tracks/0sgx4UjoIrLB8rFURf3tIr,https://api.spotify.com/v1/audio-analysis/0sgx4UjoIrLB8rFURf3tIr,225093,4
13,0.825,0.433,5,-13.085,0,0.337,0.0585,0.0,0.0618,0.687,127.686,audio_features,0GGPUysb8GpCG76dQH63te,spotify:track:0GGPUysb8GpCG76dQH63te,https://api.spotify.com/v1/tracks/0GGPUysb8GpCG76dQH63te,https://api.spotify.com/v1/audio-analysis/0GGPUysb8GpCG76dQH63te,200960,4
14,0.664,0.687,5,-6.172,0,0.173,0.00659,0.0,0.135,0.525,86.348,audio_features,4o6ZuLYr04LqFQNiSGVK4u,spotify:track:4o6ZuLYr04LqFQNiSGVK4u,https://api.spotify.com/v1/tracks/4o6ZuLYr04LqFQNiSGVK4u,https://api.spotify.com/v1/audio-analysis/4o6ZuLYr04LqFQNiSGVK4u,258653,4
15,0.863,0.457,6,-11.445,0,0.0601,0.0105,0.000774,0.0978,0.382,73.724,audio_features,70idjVtmzhvE1tXgHYEF2y,spotify:track:70idjVtmzhvE1tXgHYEF2y,https://api.spotify.com/v1/tracks/70idjVtmzhvE1tXgHYEF2y,https://api.spotify.com/v1/audio-analysis/70idjVtmzhvE1tXgHYEF2y,230040,4
16,0.707,0.716,10,-8.962,0,0.0879,0.057,4.25e-06,0.36,0.966,154.118,audio_features,0czsQ1YOT71kdVfyFoTy3U,spotify:track:0czsQ1YOT71kdVfyFoTy3U,https://api.spotify.com/v1/tracks/0czsQ1YOT71kdVfyFoTy3U,https://api.spotify.com/v1/audio-analysis/0czsQ1YOT71kdVfyFoTy3U,222600,4
17,0.751,0.473,6,-10.641,0,0.242,0.0498,0.00133,0.0896,0.424,164.889,audio_features,4czopM9AcLjrH4IunzRoBg,spotify:track:4czopM9AcLjrH4IunzRoBg,https://api.spotify.com/v1/tracks/4czopM9AcLjrH4IunzRoBg,https://api.spotify.com/v1/audio-analysis/4czopM9AcLjrH4IunzRoBg,387307,4
18,0.637,0.612,1,-7.298,1,0.0661,0.0314,0.000326,0.155,0.711,76.295,audio_features,6O4FoKdYi42CFjfd0MM04n,spotify:track:6O4FoKdYi42CFjfd0MM04n,https://api.spotify.com/v1/tracks/6O4FoKdYi42CFjfd0MM04n,https://api.spotify.com/v1/audio-analysis/6O4FoKdYi42CFjfd0MM04n,191160,4
19,0.775,0.652,4,-7.881,0,0.0583,0.149,0.18,0.0458,0.671,137.866,audio_features,155vJ1VsYZ87Gldi1gNss8,spotify:track:155vJ1VsYZ87Gldi1gNss8,https://api.spotify.com/v1/tracks/155vJ1VsYZ87Gldi1gNss8,https://api.spotify.com/v1/audio-analysis/155vJ1VsYZ87Gldi1gNss8,255800,4
20,0.654,0.612,2,-7.371,1,0.0469,0.485,4.08e-05,0.067,0.658,124.208,audio_features,7BECNKQnIHCREUGA0Zty7g,spotify:track:7BECNKQnIHCREUGA0Zty7g,https://api.spotify.com/v1/tracks/7BECNKQnIHCREUGA0Zty7g,https://api.spotify.com/v1/audio-analysis/7BECNKQnIHCREUGA0Zty7g,161560,4
21,0.701,0.784,0,-7.212,1,0.204,0.128,0.0,0.0713,0.712,145.249,audio_features,605ZHoLZx7PtQ8fXgvN10K,spotify:track:605ZHoLZx7PtQ8fXgvN10K,https://api.spotify.com/v1/tracks/605ZHoLZx7PtQ8fXgvN10K,https://api.spotify.com/v1/audio-analysis/605ZHoLZx7PtQ8fXgvN10K,278872,4
22,0.746,0.582,9,-6.283,1,0.0394,0.12,2.44e-05,0.0831,0.914,113.058,audio_features,4aCsgwFhbZ8CmYAotK7W2B,spotify:track:4aCsgwFhbZ8CmYAotK7W2B,https://api.spotify.com/v1/tracks/4aCsgwFhbZ8CmYAotK7W2B,https://api.spotify.com/v1/audio-analysis/4aCsgwFhbZ8CmYAotK7W2B,284387,4
23,0.718,0.341,8,-10.771,1,0.106,0.513,0.943,0.126,0.487,159.054,audio_features,0t0F3Qyt3kKFU7rGxKa02t,spotify:track:0t0F3Qyt3kKFU7rGxKa02t,https://api.spotify.com/v1/tracks/0t0F3Qyt3kKFU7rGxKa02t,https://api.spotify.com/v1/audio-analysis/0t0F3Qyt3kKFU7rGxKa02t,218693,4
24,0.624,0.329,8,-16.005,1,0.143,0.43,0.000525,0.0798,0.915,175.024,audio_features,78idK1ANg6tbO8d67GD09B,spotify:track:78idK1ANg6tbO8d67GD09B,https://api.spotify.com/v1/tracks/78idK1ANg6tbO8d67GD09B,https://api.spotify.com/v1/audio-analysis/78idK1ANg6tbO8d67GD09B,205200,4
25,0.717,0.719,9,-3.166,0,0.0995,0.199,2.62e-06,0.195,0.766,84.623,audio_features,1nsEptcDye2MUjMJQ1N5Rh,spotify:track:1nsEptcDye2MUjMJQ1N5Rh,https://api.spotify.com/v1/tracks/1nsEptcDye2MUjMJQ1N5Rh,https://api.spotify.com/v1/audio-analysis/1nsEptcDye2MUjMJQ1N5Rh,259400,4
26,0.799,0.642,2,-7.889,1,0.129,0.138,0.0,0.0689,0.838,93.04,audio_features,4B6mG7n0BxvasblplYkgV5,spotify:track:4B6mG7n0BxvasblplYkgV5,https://api.spotify.com/v1/tracks/4B6mG7n0BxvasblplYkgV5,https://api.spotify.com/v1/audio-analysis/4B6mG7n0BxvasblplYkgV5,295533,4
27,0.713,0.685,7,-8.663,1,0.142,0.0115,2.19e-05,0.122,0.685,172.957,audio_features,2rbhnnqBoizShumb5Ul8oR,spotify:track:2rbhnnqBoizShumb5Ul8oR,https://api.spotify.com/v1/tracks/2rbhnnqBoizShumb5Ul8oR,https://api.spotify.com/v1/audio-analysis/2rbhnnqBoizShumb5Ul8oR,338453,4
28,0.9,0.732,5,-7.659,1,0.0686,0.0113,0.000445,0.0445,0.962,138.83,audio_features,0ee3Dr3rH7NSxOVcmlbsHJ,spotify:track:0ee3Dr3rH7NSxOVcmlbsHJ,https://api.spotify.com/v1/tracks/0ee3Dr3rH7NSxOVcmlbsHJ,https://api.spotify.com/v1/audio-analysis/0ee3Dr3rH7NSxOVcmlbsHJ,209453,4
29,0.751,0.29,1,-9.524,1,0.161,0.901,0.000103,0.138,0.876,171.645,audio_features,4y8vOLeFZGHSeG6yJOKGbW,spotify:track:4y8vOLeFZGHSeG6yJOKGbW,https://api.spotify.com/v1/tracks/4y8vOLeFZGHSeG6yJOKGbW,https://api.spotify.com/v1/audio-analysis/4y8vOLeFZGHSeG6yJOKGbW,167520,4
30,0.777,0.418,8,-8.084,0,0.112,0.137,0.0106,0.263,0.606,73.282,audio_features,2CFxgaypHjxdYWgfGFoDs0,spotify:track:2CFxgaypHjxdYWgfGFoDs0,https://api.spotify.com/v1/tracks/2CFxgaypHjxdYWgfGFoDs0,https://api.spotify.com/v1/audio-analysis/2CFxgaypHjxdYWgfGFoDs0,173560,4
31,0.893,0.544,0,-9.232,1,0.0381,0.439,0.000794,0.0485,0.967,108.761,audio_features,6zN1eYnMZ80UHV3MLmHilT,spotify:track:6zN1eYnMZ80UHV3MLmHilT,https://api.spotify.com/v1/tracks/6zN1eYnMZ80UHV3MLmHilT,https://api.spotify.com/v1/audio-analysis/6zN1eYnMZ80UHV3MLmHilT,244640,4
32,0.816,0.523,0,-9.937,1,0.0586,0.618,0.411,0.0681,0.949,125.723,audio_features,04cCYxaUC2LObYVTGlRYBX,spotify:track:04cCYxaUC2LObYVTGlRYBX,https://api.spotify.com/v1/tracks/04cCYxaUC2LObYVTGlRYBX,https://api.spotify.com/v1/audio-analysis/04cCYxaUC2LObYVTGlRYBX,163538,4
33,0.78,0.342,7,-12.635,0,0.0355,0.25,3.1e-06,0.128,0.802,81.415,audio_features,4lrwg5ZBwcyRQ92seMGhIf,spotify:track:4lrwg5ZBwcyRQ92seMGhIf,https://api.spotify.com/v1/tracks/4lrwg5ZBwcyRQ92seMGhIf,https://api.spotify.com/v1/audio-analysis/4lrwg5ZBwcyRQ92seMGhIf,194573,4
34,0.897,0.685,9,-8.763,0,0.198,0.00403,0.0,0.0931,0.691,93.957,audio_features,11hTfTUePHgMu4VpaNZ3Ir,spotify:track:11hTfTUePHgMu4VpaNZ3Ir,https://api.spotify.com/v1/tracks/11hTfTUePHgMu4VpaNZ3Ir,https://api.spotify.com/v1/audio-analysis/11hTfTUePHgMu4VpaNZ3Ir,242827,4
35,0.844,0.835,9,-8.715,0,0.0593,0.0304,0.0119,0.105,0.895,91.559,audio_features,4xJqi0uHh629XvW7WlKRxZ,spotify:track:4xJqi0uHh629XvW7WlKRxZ,https://api.spotify.com/v1/tracks/4xJqi0uHh629XvW7WlKRxZ,https://api.spotify.com/v1/audio-analysis/4xJqi0uHh629XvW7WlKRxZ,228920,4
36,0.874,0.451,1,-8.673,1,0.061,0.635,0.311,0.0937,0.616,78.335,audio_features,2oU3L7aXP2ohVQBWMN71H9,spotify:track:2oU3L7aXP2ohVQBWMN71H9,https://api.spotify.com/v1/tracks/2oU3L7aXP2ohVQBWMN71H9,https://api.spotify.com/v1/audio-analysis/2oU3L7aXP2ohVQBWMN71H9,185333,4
37,0.777,0.458,11,-12.358,1,0.0841,0.265,0.00295,0.0423,0.961,99.05,audio_features,26WPI2aksB9XdqmeLfca5z,spotify:track:26WPI2aksB9XdqmeLfca5z,https://api.spotify.com/v1/tracks/26WPI2aksB9XdqmeLfca5z,https://api.spotify.com/v1/audio-analysis/26WPI2aksB9XdqmeLfca5z,295667,4
38,0.805,0.288,4,-9.242,0,0.044,0.181,0.0095,0.115,0.256,79.948,audio_features,09EE3t9STjdRARwhOTxwO4,spotify:track:09EE3t9STjdRARwhOTxwO4,https://api.spotify.com/v1/tracks/09EE3t9STjdRARwhOTxwO4,https://api.spotify.com/v1/audio-analysis/09EE3t9STjdRARwhOTxwO4,207653,4
39,0.786,0.663,1,-6.926,1,0.04,0.15,0.805,0.104,0.937,76.984,audio_features,3wvj54RWGQIVlc3cgepoNs,spotify:track:3wvj54RWGQIVlc3cgepoNs,https://api.spotify.com/v1/tracks/3wvj54RWGQIVlc3cgepoNs,https://api.spotify.com/v1/audio-analysis/3wvj54RWGQIVlc3cgepoNs,150013,4
40,0.785,0.517,4,-9.163,0,0.0802,0.675,0.0116,0.384,0.802,74.488,audio_features,2M1ixmKMIyYQmt0w8B3BdX,spotify:track:2M1ixmKMIyYQmt0w8B3BdX,https://api.spotify.com/v1/tracks/2M1ixmKMIyYQmt0w8B3BdX,https://api.spotify.com/v1/audio-analysis/2M1ixmKMIyYQmt0w8B3BdX,182733,4
41,0.611,0.784,6,-8.865,0,0.0809,0.121,0.00264,0.421,0.91,155.563,audio_features,3CATV9Xarrz4sK5Audiq6r,spotify:track:3CATV9Xarrz4sK5Audiq6r,https://api.spotify.com/v1/tracks/3CATV9Xarrz4sK5Audiq6r,https://api.spotify.com/v1/audio-analysis/3CATV9Xarrz4sK5Audiq6r,240333,4
42,0.903,0.696,0,-6.896,1,0.13,0.729,0.728,0.0545,0.902,106.268,audio_features,1TnIDb52hYg5P5kHLUyTqX,spotify:track:1TnIDb52hYg5P5kHLUyTqX,https://api.spotify.com/v1/tracks/1TnIDb52hYg5P5kHLUyTqX,https://api.spotify.com/v1/audio-analysis/1TnIDb52hYg5P5kHLUyTqX,175000,4
43,0.654,0.346,1,-13.641,1,0.0482,0.241,0.0054,0.432,0.507,85.111,audio_features,2wIOKiZfp8h9ROw3eBAfcc,spotify:track:2wIOKiZfp8h9ROw3eBAfcc,https://api.spotify.com/v1/tracks/2wIOKiZfp8h9ROw3eBAfcc,https://api.spotify.com/v1/audio-analysis/2wIOKiZfp8h9ROw3eBAfcc,207187,4
44,0.562,0.452,7,-6.997,1,0.0694,0.282,0.000497,0.0812,0.723,198.16,audio_features,0TzactgkoJSMMRVddb8aRK,spotify:track:0TzactgkoJSMMRVddb8aRK,https://api.spotify.com/v1/tracks/0TzactgkoJSMMRVddb8aRK,https://api.spotify.com/v1/audio-analysis/0TzactgkoJSMMRVddb8aRK,151867,4
45,0.571,0.371,10,-9.799,1,0.0348,0.321,0.00022,0.0583,0.789,176.814,audio_features,4iI2N6gFBHWoV99d9q0clR,spotify:track:4iI2N6gFBHWoV99d9q0clR,https://api.spotify.com/v1/tracks/4iI2N6gFBHWoV99d9q0clR,https://api.spotify.com/v1/audio-analysis/4iI2N6gFBHWoV99d9q0clR,217013,4
46,0.677,0.404,3,-10.414,1,0.0415,0.524,0.000273,0.2,0.397,152.191,audio_features,7GUdxwA5wqhkJI5QaFynFn,spotify:track:7GUdxwA5wqhkJI5QaFynFn,https://api.spotify.com/v1/tracks/7GUdxwA5wqhkJI5QaFynFn,https://api.spotify.com/v1/audio-analysis/7GUdxwA5wqhkJI5QaFynFn,199120,4
47,0.929,0.327,0,-12.352,1,0.0881,0.172,0.0,0.137,0.96,99.244,audio_features,5VOrFGEXCJMT5aiDL5Iiaa,spotify:track:5VOrFGEXCJMT5aiDL5Iiaa,https://api.spotify.com/v1/tracks/5VOrFGEXCJMT5aiDL5Iiaa,https://api.spotify.com/v1/audio-analysis/5VOrFGEXCJMT5aiDL5Iiaa,172600,4
48,0.857,0.786,0,-9.549,0,0.0387,0.374,0.955,0.0547,0.818,128.45,audio_features,1Oeey02HNBNBirWvHstVS2,spotify:track:1Oeey02HNBNBirWvHstVS2,https://api.spotify.com/v1/tracks/1Oeey02HNBNBirWvHstVS2,https://api.spotify.com/v1/audio-analysis/1Oeey02HNBNBirWvHstVS2,145933,4
49,0.864,0.528,0,-8.645,1,0.106,0.376,0.776,0.31,0.81,121.753,audio_features,1lUhuX9dXk4U1xSsx4p74z,spotify:track:1lUhuX9dXk4U1xSsx4p74z,https://api.spotify.com/v1/tracks/1lUhuX9dXk4U1xSsx4p74z,https://api.spotify.com/v1/audio-analysis/1lUhuX9dXk4U1xSsx4p74z,183577,4
50,0.632,0.757,7,-8.665,1,0.313,0.000635,0.0,0.102,0.89,169.943,audio_features,2WoKCEasaj7751MbvYeEcx,spotify:track:2WoKCEasaj7751MbvYeEcx,https://api.spotify.com/v1/tracks/2WoKCEasaj7751MbvYeEcx,https://api.spotify.com/v1/audio-analysis/2WoKCEasaj7751MbvYeEcx,225333,4
51,0.593,0.686,5,-9.858,0,0.0427,1.97e-05,0.0,0.0801,0.588,145.465,audio_features,1m8km5zdC0WDsdwKnCZ6sa,spotify:track:1m8km5zdC0WDsdwKnCZ6sa,https://api.spotify.com/v1/tracks/1m8km5zdC0WDsdwKnCZ6sa,https://api.spotify.com/v1/audio-analysis/1m8km5zdC0WDsdwKnCZ6sa,269133,4
52,0.819,0.382,7,-10.301,1,0.0753,0.0992,0.413,0.0846,0.195,131.901,audio_features,1S0ByRYztydxw1l4FEv0H4,spotify:track:1S0ByRYztydxw1l4FEv0H4,https://api.spotify.com/v1/tracks/1S0ByRYztydxw1l4FEv0H4,https://api.spotify.com/v1/audio-analysis/1S0ByRYztydxw1l4FEv0H4,177373,4
53,0.82,0.603,6,-8.566,0,0.113,0.152,0.0,0.359,0.822,79.513,audio_features,3R85E9l94NyQwqcEZcqnPv,spotify:track:3R85E9l94NyQwqcEZcqnPv,https://api.spotify.com/v1/tracks/3R85E9l94NyQwqcEZcqnPv,https://api.spotify.com/v1/audio-analysis/3R85E9l94NyQwqcEZcqnPv,311133,4
54,0.851,0.603,6,-8.436,1,0.049,8.39e-05,0.0,0.115,0.89,125.243,audio_features,7z9tKI5lpgMmvEsVpchGiz,spotify:track:7z9tKI5lpgMmvEsVpchGiz,https://api.spotify.com/v1/tracks/7z9tKI5lpgMmvEsVpchGiz,https://api.spotify.com/v1/audio-analysis/7z9tKI5lpgMmvEsVpchGiz,227480,4
55,0.902,0.568,0,-9.344,1,0.107,0.0992,0.00717,0.122,0.734,130.303,audio_features,37UsDnU8CMBbZ1bV1WZAkz,spotify:track:37UsDnU8CMBbZ1bV1WZAkz,https://api.spotify.com/v1/tracks/37UsDnU8CMBbZ1bV1WZAkz,https://api.spotify.com/v1/audio-analysis/37UsDnU8CMBbZ1bV1WZAkz,185533,4
56,0.866,0.544,0,-10.88,0,0.0614,0.351,0.683,0.055,0.967,124.182,audio_features,4JOhRev1re0tKTIDUiHWOn,spotify:track:4JOhRev1re0tKTIDUiHWOn,https://api.spotify.com/v1/tracks/4JOhRev1re0tKTIDUiHWOn,https://api.spotify.com/v1/audio-analysis/4JOhRev1re0tKTIDUiHWOn,175360,4
57,0.657,0.457,9,-6.29,0,0.0553,0.052,0.000168,0.112,0.26,77.88,audio_features,7EKP7Qa6F4GKtxxnlLLxnV,spotify:track:7EKP7Qa6F4GKtxxnlLLxnV,https://api.spotify.com/v1/tracks/7EKP7Qa6F4GKtxxnlLLxnV,https://api.spotify.com/v1/audio-analysis/7EKP7Qa6F4GKtxxnlLLxnV,260893,4
58,0.746,0.49,1,-9.007,0,0.214,6.3e-05,2.69e-05,0.144,0.829,143.368,audio_features,208LH3OhnvwWjS5CYLi4Tu,spotify:track:208LH3OhnvwWjS5CYLi4Tu,https://api.spotify.com/v1/tracks/208LH3OhnvwWjS5CYLi4Tu,https://api.spotify.com/v1/audio-analysis/208LH3OhnvwWjS5CYLi4Tu,178427,4
59,0.762,0.6,9,-7.992,1,0.0351,0.00258,0.000461,0.276,0.827,143.216,audio_features,0kEwYCc9znHQObgdUh6dGl,spotify:track:0kEwYCc9znHQObgdUh6dGl,https://api.spotify.com/v1/tracks/0kEwYCc9znHQObgdUh6dGl,https://api.spotify.com/v1/audio-analysis/0kEwYCc9znHQObgdUh6dGl,193520,4
60,0.667,0.833,11,-8.788,0,0.0356,0.00747,0.00913,0.211,0.885,155.005,audio_features,11nF2K1iXn9Ettln1Nc29b,spotify:track:11nF2K1iXn9Ettln1Nc29b,https://api.spotify.com/v1/tracks/11nF2K1iXn9Ettln1Nc29b,https://api.spotify.com/v1/audio-analysis/11nF2K1iXn9Ettln1Nc29b,275320,4
61,0.85,0.432,10,-7.995,1,0.146,0.284,0.000838,0.256,0.634,77.052,audio_features,74jDDWXiT7pPEjL7mBYrs3,spotify:track:74jDDWXiT7pPEjL7mBYrs3,https://api.spotify.com/v1/tracks/74jDDWXiT7pPEjL7mBYrs3,https://api.spotify.com/v1/audio-analysis/74jDDWXiT7pPEjL7mBYrs3,157253,4
62,0.593,0.367,7,-6.987,1,0.0428,0.162,0.878,0.202,0.904,170.846,audio_features,55f5wRhUlYivT5RoFulIbl,spotify:track:55f5wRhUlYivT5RoFulIbl,https://api.spotify.com/v1/tracks/55f5wRhUlYivT5RoFulIbl,https://api.spotify.com/v1/audio-analysis/55f5wRhUlYivT5RoFulIbl,201213,4
63,0.73,0.584,7,-7.441,1,0.0486,0.0238,0.0798,0.107,0.414,83.769,audio_features,50QPOvKYebMWt8EBckwSyl,spotify:track:50QPOvKYebMWt8EBckwSyl,https://api.spotify.com/v1/tracks/50QPOvKYebMWt8EBckwSyl,https://api.spotify.com/v1/audio-analysis/50QPOvKYebMWt8EBckwSyl,218680,4
64,0.707,0.279,1,-10.658,1,0.0382,0.661,0.00111,0.0992,0.749,82.086,audio_features,2UOdR8zPhwqpyMmMKMPzzN,spotify:track:2UOdR8zPhwqpyMmMKMPzzN,https://api.spotify.com/v1/tracks/2UOdR8zPhwqpyMmMKMPzzN,https://api.spotify.com/v1/audio-analysis/2UOdR8zPhwqpyMmMKMPzzN,172933,4
65,0.329,0.358,1,-11.556,1,0.0364,0.246,0.00125,0.117,0.929,203.547,audio_features,3b2x5F6wXua5A2zXq4RuAA,spotify:track:3b2x5F6wXua5A2zXq4RuAA,https://api.spotify.com/v1/tracks/3b2x5F6wXua5A2zXq4RuAA,https://api.spotify.com/v1/audio-analysis/3b2x5F6wXua5A2zXq4RuAA,153467,4
66,0.736,0.435,3,-8.883,1,0.153,0.00118,0.0413,0.104,0.965,101.221,audio_features,2JHyRO7aEJH0UXOjZQ7m0r,spotify:track:2JHyRO7aEJH0UXOjZQ7m0r,https://api.spotify.com/v1/tracks/2JHyRO7aEJH0UXOjZQ7m0r,https://api.spotify.com/v1/audio-analysis/2JHyRO7aEJH0UXOjZQ7m0r,167533,4
67,0.825,0.228,4,-9.346,1,0.267,0.152,0.00258,0.0977,0.764,86.168,audio_features,04BTjbEcGVsfzRRPYHr7Y8,spotify:track:04BTjbEcGVsfzRRPYHr7Y8,https://api.spotify.com/v1/tracks/04BTjbEcGVsfzRRPYHr7Y8,https://api.spotify.com/v1/audio-analysis/04BTjbEcGVsfzRRPYHr7Y8,157253,4
68,0.735,0.6,10,-6.007,1,0.161,0.278,0.0194,0.0902,0.826,165.49,audio_features,34mK7IhVyT10qBzRv5IYSY,spotify:track:34mK7IhVyT10qBzRv5IYSY,https://api.spotify.com/v1/tracks/34mK7IhVyT10qBzRv5IYSY,https://api.spotify.com/v1/audio-analysis/34mK7IhVyT10qBzRv5IYSY,163440,4
69,0.717,0.461,7,-9.817,1,0.0564,0.528,0.0137,0.0726,0.908,157.801,audio_features,7hUrr2RkzJezvLFlq5YkZ8,spotify:track:7hUrr2RkzJezvLFlq5YkZ8,https://api.spotify.com/v1/tracks/7hUrr2RkzJezvLFlq5YkZ8,https://api.spotify.com/v1/audio-analysis/7hUrr2RkzJezvLFlq5YkZ8,164920,4
70,0.846,0.598,1,-6.426,1,0.0844,0.244,0.00176,0.0713,0.843,81.534,audio_features,4UOuXbLjyM85rk8uszZxnx,spotify:track:4UOuXbLjyM85rk8uszZxnx,https://api.spotify.com/v1/tracks/4UOuXbLjyM85rk8uszZxnx,https://api.spotify.com/v1/audio-analysis/4UOuXbLjyM85rk8uszZxnx,123227,4
71,0.681,0.735,8,-5.742,1,0.146,0.486,0.194,0.17,0.884,170.097,audio_features,1pTu7NhYatmXHmGxJjVw4w,spotify:track:1pTu7NhYatmXHmGxJjVw4w,https://api.spotify.com/v1/tracks/1pTu7NhYatmXHmGxJjVw4w,https://api.spotify.com/v1/audio-analysis/1pTu7NhYatmXHmGxJjVw4w,155240,4
72,0.781,0.481,11,-7.879,1,0.054,0.212,0.0,0.181,0.597,71.283,audio_features,0Hu8gNKjd1WJRY3BFp8Vf7,spotify:track:0Hu8gNKjd1WJRY3BFp8Vf7,https://api.spotify.com/v1/tracks/0Hu8gNKjd1WJRY3BFp8Vf7,https://api.spotify.com/v1/audio-analysis/0Hu8gNKjd1WJRY3BFp8Vf7,152040,4
73,0.877,0.4,10,-8.129,1,0.0811,0.671,1.21e-05,0.133,0.885,95.871,audio_features,2oeYctBdUbqVJwI48kT7V3,spotify:track:2oeYctBdUbqVJwI48kT7V3,https://api.spotify.com/v1/tracks/2oeYctBdUbqVJwI48kT7V3,https://api.spotify.com/v1/audio-analysis/2oeYctBdUbqVJwI48kT7V3,163067,4
74,0.835,0.619,7,-7.577,1,0.0527,0.664,0.861,0.194,0.8,160.616,audio_features,0xnpRZaTwiMcJWL8Sv1U2R,spotify:track:0xnpRZaTwiMcJWL8Sv1U2R,https://api.spotify.com/v1/tracks/0xnpRZaTwiMcJWL8Sv1U2R,https://api.spotify.com/v1/audio-analysis/0xnpRZaTwiMcJWL8Sv1U2R,147800,4
75,0.673,0.346,0,-11.053,1,0.0428,0.286,0.0396,0.0994,0.469,85.128,audio_features,7eArTFXshH2FuzC6ZptVlD,spotify:track:7eArTFXshH2FuzC6ZptVlD,https://api.spotify.com/v1/tracks/7eArTFXshH2FuzC6ZptVlD,https://api.spotify.com/v1/audio-analysis/7eArTFXshH2FuzC6ZptVlD,210467,4
76,0.796,0.414,0,-9.676,1,0.0592,0.341,0.402,0.0631,0.8,93.195,audio_features,0jr4UlOgvaKOGWIWXKu5RX,spotify:track:0jr4UlOgvaKOGWIWXKu5RX,https://api.spotify.com/v1/tracks/0jr4UlOgvaKOGWIWXKu5RX,https://api.spotify.com/v1/audio-analysis/0jr4UlOgvaKOGWIWXKu5RX,167173,4
77,0.661,0.433,1,-9.963,1,0.134,0.184,0.0343,0.0731,0.604,166.517,audio_features,4no5L40P5kscy5YwVlf3s3,spotify:track:4no5L40P5kscy5YwVlf3s3,https://api.spotify.com/v1/tracks/4no5L40P5kscy5YwVlf3s3,https://api.spotify.com/v1/audio-analysis/4no5L40P5kscy5YwVlf3s3,156973,3
78,0.841,0.351,10,-13.175,1,0.0549,0.476,1.64e-05,0.14,0.812,91.078,audio_features,2JROlfSYAfoMYYOPfgOPbS,spotify:track:2JROlfSYAfoMYYOPfgOPbS,https://api.spotify.com/v1/tracks/2JROlfSYAfoMYYOPfgOPbS,https://api.spotify.com/v1/audio-analysis/2JROlfSYAfoMYYOPfgOPbS,148480,4
79,0.746,0.576,5,-4.507,1,0.0367,0.356,0.00698,0.326,0.919,80.645,audio_features,33rdVmEEjh3wYWBWoFWvwi,spotify:track:33rdVmEEjh3wYWBWoFWvwi,https://api.spotify.com/v1/tracks/33rdVmEEjh3wYWBWoFWvwi,https://api.spotify.com/v1/audio-analysis/33rdVmEEjh3wYWBWoFWvwi,191560,4
80,0.817,0.469,0,-9.302,1,0.0337,0.114,0.000162,0.136,0.784,84.689,audio_features,5UD98Sz4F4Jl2mtUsRPnxS,spotify:track:5UD98Sz4F4Jl2mtUsRPnxS,https://api.spotify.com/v1/tracks/5UD98Sz4F4Jl2mtUsRPnxS,https://api.spotify.com/v1/audio-analysis/5UD98Sz4F4Jl2mtUsRPnxS,201200,4
81,0.606,0.646,4,-8.244,0,0.0374,0.752,0.00143,0.125,0.759,79.05,audio_features,4t5ARSYWg1wBOAXh6Yvr9g,spotify:track:4t5ARSYWg1wBOAXh6Yvr9g,https://api.spotify.com/v1/tracks/4t5ARSYWg1wBOAXh6Yvr9g,https://api.spotify.com/v1/audio-analysis/4t5ARSYWg1wBOAXh6Yvr9g,189987,4
82,0.682,0.678,7,-9.626,1,0.11,0.2,0.000163,0.109,0.517,175.18,audio_features,0STIV4K7EZkp2YHAyyu5em,spotify:track:0STIV4K7EZkp2YHAyyu5em,https://api.spotify.com/v1/tracks/0STIV4K7EZkp2YHAyyu5em,https://api.spotify.com/v1/audio-analysis/0STIV4K7EZkp2YHAyyu5em,231267,4
83,0.883,0.521,4,-6.845,1,0.309,0.229,0.0,0.0794,0.962,143.804,audio_features,28auprp3b9yjwPYmUxFxkR,spotify:track:28auprp3b9yjwPYmUxFxkR,https://api.spotify.com/v1/tracks/28auprp3b9yjwPYmUxFxkR,https://api.spotify.com/v1/audio-analysis/28auprp3b9yjwPYmUxFxkR,154333,4
84,0.768,0.446,3,-6.876,1,0.0486,0.719,1.62e-05,0.114,0.895,87.938,audio_features,2Q5lnX5AiN6P9TPbfYtsBB,spotify:track:2Q5lnX5AiN6P9TPbfYtsBB,https://api.spotify.com/v1/tracks/2Q5lnX5AiN6P9TPbfYtsBB,https://api.spotify.com/v1/audio-analysis/2Q5lnX5AiN6P9TPbfYtsBB,153787,4
85,0.52,0.309,7,-10.708,1,0.0308,0.247,0.0,0.0985,0.822,97.567,audio_features,1GUcIBgJB2AX0Ex6J6SKXM,spotify:track:1GUcIBgJB2AX0Ex6J6SKXM,https://api.spotify.com/v1/tracks/1GUcIBgJB2AX0Ex6J6SKXM,https://api.spotify.com/v1/audio-analysis/1GUcIBgJB2AX0Ex6J6SKXM,165667,4
86,0.685,0.36,0,-9.572,1,0.0568,0.18,0.0,0.112,0.597,160.448,audio_features,1q8gelFgFYUwoWpQV7WNCe,spotify:track:1q8gelFgFYUwoWpQV7WNCe,https://api.spotify.com/v1/tracks/1q8gelFgFYUwoWpQV7WNCe,https://api.spotify.com/v1/audio-analysis/1q8gelFgFYUwoWpQV7WNCe,204027,4
87,0.932,0.375,9,-11.135,0,0.144,0.0913,0.0521,0.0886,0.914,107.33,audio_features,4gukGozFOurNmDXZzgQHaP,spotify:track:4gukGozFOurNmDXZzgQHaP,https://api.spotify.com/v1/tracks/4gukGozFOurNmDXZzgQHaP,https://api.spotify.com/v1/audio-analysis/4gukGozFOurNmDXZzgQHaP,162467,4
88,0.801,0.435,10,-9.33,1,0.0448,0.184,0.0,0.0904,0.953,146.459,audio_features,6zsH33Xbm0gAtBTx9R2vP0,spotify:track:6zsH33Xbm0gAtBTx9R2vP0,https://api.spotify.com/v1/tracks/6zsH33Xbm0gAtBTx9R2vP0,https://api.spotify.com/v1/audio-analysis/6zsH33Xbm0gAtBTx9R2vP0,156787,4
89,0.722,0.605,5,-6.07,1,0.153,0.825,0.0178,0.248,0.709,165.998,audio_features,7ixiCZEHWHc8FxaQXQh2P4,spotify:track:7ixiCZEHWHc8FxaQXQh2P4,https://api.spotify.com/v1/tracks/7ixiCZEHWHc8FxaQXQh2P4,https://api.spotify.com/v1/audio-analysis/7ixiCZEHWHc8FxaQXQh2P4,196507,4
90,0.743,0.519,2,-7.969,1,0.171,0.534,3.34e-05,0.0917,0.641,83.323,audio_features,5uhpcQw9HfN4TMmYaAgxmh,spotify:track:5uhpcQw9HfN4TMmYaAgxmh,https://api.spotify.com/v1/tracks/5uhpcQw9HfN4TMmYaAgxmh,https://api.spotify.com/v1/audio-analysis/5uhpcQw9HfN4TMmYaAgxmh,152613,4
91,0.743,0.443,7,-11.808,1,0.0878,0.049,1.25e-05,0.131,0.467,84.159,audio_features,41Z1gnggllzvu7qOWTaSTE,spotify:track:41Z1gnggllzvu7qOWTaSTE,https://api.spotify.com/v1/tracks/41Z1gnggllzvu7qOWTaSTE,https://api.spotify.com/v1/audio-analysis/41Z1gnggllzvu7qOWTaSTE,175027,4
92,0.786,0.803,0,-6.59,1,0.205,0.0294,0.0,0.224,0.949,173.029,audio_features,1nXTM2CVdaoCySSD5kgt3J,spotify:track:1nXTM2CVdaoCySSD5kgt3J,https://api.spotify.com/v1/tracks/1nXTM2CVdaoCySSD5kgt3J,https://api.spotify.com/v1/audio-analysis/1nXTM2CVdaoCySSD5kgt3J,229000,4
93,0.83,0.467,9,-10.936,1,0.0953,0.0551,1.64e-05,0.0662,0.837,140.569,audio_features,4VC6Ihh1epJiQPiiMpJXDE,spotify:track:4VC6Ihh1epJiQPiiMpJXDE,https://api.spotify.com/v1/tracks/4VC6Ihh1epJiQPiiMpJXDE,https://api.spotify.com/v1/audio-analysis/4VC6Ihh1epJiQPiiMpJXDE,198440,4
94,0.955,0.324,0,-15.105,1,0.211,0.181,0.05,0.0756,0.96,122.211,audio_features,6aC8NTVpetj62Ajixqzlsb,spotify:track:6aC8NTVpetj62Ajixqzlsb,https://api.spotify.com/v1/tracks/6aC8NTVpetj62Ajixqzlsb,https://api.spotify.com/v1/audio-analysis/6aC8NTVpetj62Ajixqzlsb,230053,4
95,0.937,0.497,10,-9.487,1,0.088,0.542,0.0138,0.173,0.97,115.16,audio_features,7fgWjudYcn1YXHETaz8Coh,spotify:track:7fgWjudYcn1YXHETaz8Coh,https://api.spotify.com/v1/tracks/7fgWjudYcn1YXHETaz8Coh,https://api.spotify.com/v1/audio-analysis/7fgWjudYcn1YXHETaz8Coh,192107,4
96,0.576,0.529,5,-10.074,1,0.276,0.292,0.00214,0.0577,0.734,74.481,audio_features,3B59dR6lPY1FKbBwsXbcON,spotify:track:3B59dR6lPY1FKbBwsXbcON,https://api.spotify.com/v1/tracks/3B59dR6lPY1FKbBwsXbcON,https://api.spotify.com/v1/audio-analysis/3B59dR6lPY1FKbBwsXbcON,170307,4
97,0.883,0.733,11,-9.153,0,0.128,0.161,0.00026,0.334,0.946,95.107,audio_features,1HGyhNaRUFEDBiVLbvtbL6,spotify:track:1HGyhNaRUFEDBiVLbvtbL6,https://api.spotify.com/v1/tracks/1HGyhNaRUFEDBiVLbvtbL6,https://api.spotify.com/v1/audio-analysis/1HGyhNaRUFEDBiVLbvtbL6,245000,4
98,0.916,0.72,0,-8.548,1,0.1,0.36,0.00016,0.0958,0.761,103.314,audio_features,5O4erNlJ74PIF6kGol1ZrC,spotify:track:5O4erNlJ74PIF6kGol1ZrC,https://api.spotify.com/v1/tracks/5O4erNlJ74PIF6kGol1ZrC,https://api.spotify.com/v1/audio-analysis/5O4erNlJ74PIF6kGol1ZrC,237000,4
99,0.897,0.558,5,-7.616,1,0.0537,0.224,0.000447,0.0808,0.854,126.686,audio_features,1RZ4boB60p2cIpv0CB38vB,spotify:track:1RZ4boB60p2cIpv0CB38vB,https://api.spotify.com/v1/tracks/1RZ4boB60p2cIpv0CB38vB,https://api.spotify.com/v1/audio-analysis/1RZ4boB60p2cIpv0CB38vB,224680,4
